questions,Reponses
Qu’est-ce que CitizenLab Sénégal ?,CitizenLab Sénégal est un hub d’innovation civique porté par AfricTivistes visant à renforcer la participation citoyenne et l’innovation numérique.
Quel est le lien entre CitizenLab Sénégal et AfricTivistes ?,CitizenLab Sénégal est un programme stratégique porté par AfricTivistes une organisation panafricaine de la société civile.
Quels sont les objectifs de CitizenLab Sénégal ?,Former accompagner et outiller les citoyens pour créer des solutions numériques à impact social.
CitizenLab Sénégal est-il politiquement neutre ?,Oui CitizenLab Sénégal est politiquement neutre et indépendant.
Où intervient CitizenLab Sénégal ?,CitizenLab Sénégal intervient à Dakar et dans plusieurs régions du Sénégal y compris les zones rurales.
Quels sont les domaines d’intervention de CitizenLab ?,Formation innovation civic-tech open data digitalisation transparence et inclusion numérique.
Qui peut participer aux activités CitizenLab ?,Les jeunes les femmes les OSC les journalistes les développeurs et les citoyens engagés.
Faut-il être développeur pour rejoindre CitizenLab ?,Non CitizenLab valorise la diversité des profils techniques et non techniques.
Comment participer aux programmes CitizenLab ?,La participation se fait via des appels à candidatures publiés officiellement.
CitizenLab soutient-il les projets ruraux ?,Oui CitizenLab encourage fortement les initiatives issues des zones rurales.
CitizenLab propose-t-il des formations ?,Oui CitizenLab organise des formations bootcamps ateliers et hackathons.
Les formations CitizenLab sont-elles gratuites ?,Oui la majorité des formations sont gratuites pour les bénéficiaires sélectionnés.
Quels types de formations sont proposées ?,Citoyenneté numérique data IA développement web cybersécurité innovation sociale.
CitizenLab organise-t-il des hackathons ?,Oui pour co-créer des solutions numériques citoyennes.
CitizenLab développe-t-il des plateformes numériques ?,Oui CitizenLab conçoit des plateformes citoyennes et open data.
CitizenLab travaille-t-il sur l’open data ?,Oui l’open data est un pilier central pour renforcer la transparence.
Pourquoi la transparence est importante ?,Elle renforce la confiance entre citoyens et institutions publiques.
CitizenLab agit-il sur la digitalisation administrative ?,Oui CitizenLab promeut la dématérialisation des services publics.
CitizenLab utilise-t-il l’intelligence artificielle ?,Oui pour les chatbots l’analyse de données et les outils citoyens.
Quels défis numériques CitizenLab adresse-t-il ?,La fracture numérique l’accès à l’information la lenteur administrative et le manque de transparence.
Quelle est la vision de CitizenLab Sénégal ?,Construire un numérique citoyen inclusif participatif et durable.
CitizenLab collabore-t-il avec l’État ?,Oui CitizenLab collabore avec des institutions publiques tout en gardant son indépendance.
CitizenLab travaille-t-il avec des partenaires ?,Oui avec des ONG des institutions publiques des communautés tech et des bailleurs.
À quoi sert le chatbot CitizenLab ?,Informer orienter accompagner les citoyens et répondre aux questions fréquentes.
Le chatbot est-il disponible en continu ?,Oui le chatbot est disponible 24 heures sur 24.
Le chatbot remplace-t-il l’équipe humaine ?,Non le chatbot complète le travail de l’équipe.
Le chatbot collecte-t-il des données personnelles ?,Uniquement avec le consentement de l’utilisateur et dans le respect des règles de protection des données.
Quelles sont les compétences globales de l’équipe CitizenLab ?,L’équipe dispose de compétences en IA data développement cybersécurité design communication gestion de projets et innovation civique.
Pourquoi la diversité des compétences est importante ?,Elle permet de concevoir des solutions adaptées aux réalités locales et à fort impact social.
Quelles compétences en data possède l’équipe ?,Analyse de données visualisation machine learning NLP et indicateurs décisionnels.
Quelles compétences en intelligence artificielle possède l’équipe ?,IA appliquée chatbots NLP analyse prédictive automatisation et IA citoyenne.
Quelles compétences en développement possède l’équipe ?,Développement web mobile full-stack API et plateformes numériques.
Quelles compétences en cybersécurité possède l’équipe ?,Sécurité des systèmes protection des données et infrastructures IT.
Quelles compétences en design et communication possède l’équipe ?,UX UI design graphique communication numérique sensibilisation citoyenne.
Quelles compétences en gestion de projet possède l’équipe ?,Gestion de projets agiles coordination suivi évaluation et design thinking.
Quelles sont les compétences de Fatou Dieng ?,Fatou Dieng apporte des compétences en analyse de données visualisation data et modèles de machine learning.
Quelles sont les compétences de Khadidiatou Thioune ?,Khadidiatou Thioune contribue aux activités d’analyse de données et de terrain.
Quelles sont les compétences de Ndèye Kany Cissé ?,Ndèye Kany Cissé possède des compétences en développement web mobile design graphique et optimisation SEO.
Quelles sont les compétences de Paule Marcelle Elanga ?,Paule Marcelle Elanga dispose d’une expertise en data science NLP computer vision et formation.
Quelles sont les compétences de Penda Fall ?,Penda Fall apporte une expertise en cybersécurité systèmes d’information IoT et gestion de projets techniques.
Quelles sont les compétences de Youssou Traoré ?,Youssou Traoré est spécialisé en développement web front-end et applications interactives.
Quelles sont les compétences de Elhadji Oumar Diouf ?,Elhadji Oumar Diouf possède des compétences en développement web et mobile et intégration de services.
Quelles sont les compétences de Mouhamadou Mballo ?,Mouhamadou Mballo est spécialisé en architecture logicielle développement full-stack et gouvernance des données.
Quelles sont les compétences de Thierno Bocar Dieng ?,Thierno Bocar Dieng apporte des compétences en data science intelligence artificielle automatisation et innovation numérique.
Quelles sont les compétences de Awa Diouf ?,Awa Diouf dispose de compétences en développement web systèmes embarqués IoT et formation des jeunes.
Quelles sont les compétences de Mamadou Diop ?,Mamadou Diop est spécialisé en communication numérique design graphique et production de contenus multimédias.
CitizenLab agit-il pour l’inclusion numérique ?,Oui l’inclusion des femmes des jeunes et des zones rurales est une priorité.
CitizenLab propose-t-il des contenus en langues locales ?,Oui progressivement des contenus sont adaptés aux langues locales.
CitizenLab travaille-t-il sur la souveraineté numérique ?,Oui à travers la promotion de solutions locales et la protection des données.
Quelle est la mission de CitizenLab Sénégal ?,La mission de CitizenLab Sénégal est de renforcer la participation citoyenne grâce aux technologies numériques et à l’innovation civique.
Quelles sont les valeurs de CitizenLab Sénégal ?,Citoyenneté inclusion transparence innovation collaboration et impact social.
Quelle est l’approche méthodologique de CitizenLab ?,CitizenLab adopte une approche participative basée sur le co-design et le design thinking.
CitizenLab Sénégal mesure-t-il son impact ?,Oui à travers des indicateurs de participation de formation et d’utilisation des outils numériques.
Quels publics sont ciblés par CitizenLab ?,Les jeunes les femmes les organisations citoyennes les journalistes et les communautés locales.
CitizenLab travaille-t-il avec les collectivités locales ?,Oui CitizenLab collabore avec les collectivités territoriales et les institutions publiques.
Comment se déroule un programme CitizenLab ?,Les programmes incluent formation mentorat prototypage tests terrain et accompagnement.
Quels sont les critères de sélection des participants ?,Motivation engagement impact potentiel diversité et inclusion.
CitizenLab accompagne-t-il après les formations ?,Oui un suivi post-formation est assuré pour renforcer l’impact.
Quels types de projets sont accompagnés ?,Des projets de civic-tech open data participation citoyenne et gouvernance numérique.
CitizenLab soutient-il l’entrepreneuriat citoyen ?,Oui CitizenLab encourage les initiatives entrepreneuriales à impact social.
CitizenLab travaille-t-il avec les universités ?,Oui à travers des partenariats académiques et de recherche.
CitizenLab intègre-t-il l’intelligence artificielle responsable ?,Oui CitizenLab promeut une IA éthique transparente et inclusive.
Comment CitizenLab protège les données personnelles ?,Par des pratiques de sécurité numérique et de conformité aux règles de protection des données.
CitizenLab favorise-t-il l’inclusion des femmes ?,Oui l’égalité de genre est un axe transversal de toutes les activités.
CitizenLab favorise-t-il l’inclusion des personnes en situation de handicap ?,Oui l’accessibilité numérique est prise en compte.
CitizenLab agit-il sur la lutte contre la désinformation ?,Oui à travers la formation la sensibilisation et les outils numériques.
CitizenLab développe-t-il des outils open source ?,Oui lorsque cela est possible les outils sont ouverts et réutilisables.
CitizenLab travaille-t-il sur la participation électorale ?,CitizenLab soutient l’éducation civique et la participation citoyenne sans parti pris politique.
CitizenLab dispose-t-il d’une équipe de recherche ?,Oui l’équipe mène des travaux de recherche appliquée sur le numérique citoyen.
Quelles compétences transversales possède l’équipe ?,Leadership communication travail collaboratif analyse critique et pédagogie.
L’équipe CitizenLab peut-elle former d’autres organisations ?,Oui l’équipe dispose d’une forte capacité de formation et de transfert de compétences.
CitizenLab peut-il accompagner des projets internationaux ?,Oui selon les partenariats et les financements disponibles.
Le chatbot CitizenLab peut-il évoluer ?,Oui le chatbot est continuellement amélioré à partir des retours utilisateurs.
Le chatbot peut-il répondre en plusieurs langues ?,Oui progressivement français anglais et langues locales.
Que faire si le chatbot ne répond pas ?,Le chatbot redirige vers un contact humain ou un formulaire.
Le chatbot donne-t-il des conseils juridiques ?,Non le chatbot fournit uniquement des informations générales.
CitizenLab est-il ouvert aux partenariats ?,Oui CitizenLab est ouvert aux partenariats techniques institutionnels et financiers.
question,answer
Dans quel contexte s’inscrit CitizenLab Sénégal ?,CitizenLab Sénégal s’inscrit dans un contexte où le numérique redessine les formes de participation citoyenne et de gouvernance ouverte.
Quel problème principal CitizenLab Sénégal cherche-t-il à résoudre ?,Le manque d’accès équitable au numérique la faible participation citoyenne et le déficit de transparence publique.
Quelle est l’ambition globale de CitizenLab Sénégal ?,Devenir un acteur clé de l’écosystème civic tech au Sénégal.
Quelle vision CitizenLab Sénégal porte-t-il pour le Sénégal ?,Un Sénégal numérique participatif inclusif et durable.
Quelle est la citation clé de la mission CitizenLab ?,Notre mission est de démocratiser l’accès au numérique et de placer les citoyens au cœur de l’innovation.
Quelle est la durée du projet CitizenLab Sénégal ?,Le projet est conçu sur une durée de trois ans.
Combien de citoyens CitizenLab Sénégal ambitionne-t-il de former ?,Plus de trois mille citoyens aux compétences numériques et civiques.
Combien de solutions technologiques CitizenLab prévoit-il de développer ?,Cinq solutions technologiques dédiées à la transparence et à la participation citoyenne.
Combien de bénéficiaires CitizenLab souhaite-t-il toucher ?,Plus de deux millions de bénéficiaires à travers l’accès à l’information publique.
Comment est composée l’équipe CitizenLab Sénégal ?,Une équipe pluridisciplinaire en développement IA cybersécurité et communication.
Quels sont les axes d’intervention de CitizenLab Sénégal ?,Formation et sensibilisation innovation digitalisation et transparence infrastructures et accessibilité.
En quoi consiste l’axe formation et sensibilisation ?,Développement de programmes de littératie numérique d’éducation civique et de sécurité en ligne.
Quels formats de formation sont utilisés ?,MOOCs écoles numériques unités mobiles rurales ateliers et bootcamps.
En quoi consiste l’axe innovation et transparence ?,Conception de plateformes citoyennes pour le suivi des politiques publiques et le dialogue citoyen.
En quoi consiste l’axe infrastructures et accessibilité ?,Mise en place de points d’accès communautaires équipements solaires et recyclage de matériel informatique.
Quels sont les publics prioritaires de CitizenLab Sénégal ?,Les jeunes les femmes et les populations vulnérables.
Pourquoi CitizenLab cible-t-il ces publics ?,Parce qu’ils sont souvent marginalisés dans la transition numérique.
Avec quels acteurs CitizenLab collabore-t-il ?,L’État les collectivités locales le secteur privé et la société civile.
Quels types d’activités concrètes sont menées ?,Fablabs hackathons bootcamps co-création et prototypage.
Quels types de solutions sont co-créées ?,Applications de suivi budgétaire tableaux de bord ouverts plateformes d’alerte communautaire et e-administration.
Quelle est la spécificité de CitizenLab Sénégal ?,Sa double dimension technologique et sociale.
Quelles thématiques émergentes sont intégrées ?,Intelligence artificielle cybersécurité citoyenne et gouvernance des données.
Comment CitizenLab assure-t-il la durabilité des projets ?,Par l’appropriation locale et la formation des bénéficiaires à la gestion des infrastructures.
Quel est le rôle des institutions publiques dans la durabilité ?,Elles sont accompagnées dans l’adoption et la réutilisation des outils développés.
Que permet la plateforme CitizenLab Sénégal ?,Accéder à l’information publique signaler des problèmes suivre les projets locaux et proposer des solutions.
Quel impact la plateforme vise-t-elle ?,Créer une culture de redevabilité et de co-création démocratique.
Quelle est la vision africaine de CitizenLab Sénégal ?,Une Afrique numérique inclusive où la technologie devient un levier de démocratie.
Qui est Penda Fall ?,Penda Fall est fondatrice de Bajjen Tech et coordinatrice de CitizenLab Sénégal spécialisée en cybersécurité IoT et innovation sociale.
Quel est l’engagement de Penda Fall ?,Promouvoir l’inclusion des femmes et des filles dans les sciences et technologies.
Qui est Elhadji Oumar Diouf ?,Elhadji Oumar Diouf est ingénieur logiciel spécialisé en développement web mobile gaming et intelligence artificielle.
Quelle est la vision technologique d’Elhadji Oumar Diouf ?,Utiliser l’IA comme levier d’innovation inclusive et créative.
Qui est Khadidiatou Thioune ?,Khadidiatou Thioune est spécialiste en marketing communication et gestion d’événements.
Quelles langues maîtrise Khadidiatou Thioune ?,Le français l’anglais et l’arabe à niveau intermédiaire.
Qui est Ndèye Kany Cissé ?,Ndèye Kany Cissé est développeuse web mobile et designer graphique engagée pour la participation citoyenne.
Qui est Paule Marcelle Elanga ?,Paule Marcelle Elanga est data scientist spécialisée en analyse de données machine learning et intelligence artificielle.
Quel est l’engagement de Paule Marcelle Elanga ?,Promouvoir l’égalité des chances et l’inclusion des femmes dans l’IA.
Qui est Mouhamadou Mballo ?,Mouhamadou Mballo est architecte logiciel engagé pour des plateformes citoyennes durables.
Quelle est la philosophie de Mouhamadou Mballo ?,Une technologie pensée avec et pour les communautés.
Qui est Mamadou Diop ?,Mamadou Diop est référent digital spécialisé en stratégie numérique et contenus multimédias.
Quel est le rôle de Mamadou Diop ?,Renforcer l’impact des actions de sensibilisation et de plaidoyer.
Qui est Thierno Bocar Dieng ?,Thierno Bocar Dieng est data scientist AI developer et entrepreneur tech engagé pour l’innovation africaine.
Quel est le domaine d’innovation de Thierno Bocar Dieng ?,L’intelligence artificielle appliquée à l’agriculture et aux besoins locaux.
Qui est Fatou Dieng ?,Fatou Dieng est data scientist spécialisée en solutions IA orientées inclusion et progrès social.
Quelle est la vision de Fatou Dieng ?,Utiliser la donnée comme levier de croissance inclusive.
Qui est Awa Diouf ?,Awa Diouf est étudiante en robotique passionnée par l’IA l’IoT et le développement web et mobile
Quel message incarne CitizenLab Sénégal ?,La technologie comme levier d’inclusion de transparence et de transformation sociale.
